1,Marquardt-Kilback,1966 Dahle Trail,Bakersfield,California,501,661-217-7144,4,0,2025-01-01 00:00:00
2,"Larkin, Braun and Johnston",55 Doe Crossing Court,Charlotte,North Carolina,1001,704-346-4899,5,0,2024-07-08 00:00:00
3,"Sipes, Kuhic and Koch",7469 Pennsylvania Drive,San Diego,California,2043,858-248-9788,1,0,2024-07-12 00:00:00
4,"Mayer, Turner and Daniel",94 Sheridan Circle,Pompano Beach,Florida,3031,954-520-4900,5,0,2024-04-18 00:00:00
5,Haley Inc,667 Eastwood Junction,Fresno,California,4005,559-948-0140,0,0,2024-07-16 00:00:00
6,King-Gorczany,7473 Bluejay Street,Lexington,Kentucky,5001,859-290-1102,1,0,2024-10-06 00:00:00
7,Pacocha-Williamson,60581 Muir Circle,Morgantown,West Virginia,6010,304-103-9205,0,0,2024-07-18 00:00:00
8,Hayes Group,71088 Express Parkway,Gaithersburg,Maryland,7002,240-111-5049,2,0,2024-12-09 00:00:00
9,Hackett-Satterfield,428 Summer Ridge Terrace,Saint Cloud,Minnesota,8003,320-836-5768,3,0,2024-07-29 00:00:00
10,Wisozk-Renner,38 Mosinee Court,Kansas City,Kansas,9090,913-482-4333,2,0,2024-11-19 00:00:00
11,Blanda-Goodwin,853 American Trail,Waco,Texas,10001,254-395-4446,4,0,2024-12-10 00:00:00
12,Parker-Ziemann,6 Wayridge Point,San Luis Obispo,California,11001,805-445-6335,3,0,2024-04-02 00:00:00
13,Dietrich-Ryan,7 Gale Place,Baton Rouge,Louisiana,12010,225-935-2547,5,0,2024-08-14 00:00:00
14,Huel-Conn,384 Graceland Lane,Boston,Massachusetts,13021,978-449-8022,1,0,2024-02-18 00:00:00
15,"Koss, Konopelski and Blanda",46 Hoard Pass,Fairbanks,Alaska,14001,907-443-4470,5,0,2024-03-25 00:00:00
16,Veum and Sons,6639 Rusk Lane,Atlanta,Georgia,15001,404-344-4564,1,0,2024-09-18 00:00:00
17,Wisozk Group,2 Crest Line Circle,Oklahoma City,Oklahoma,16001,405-840-0240,0,0,2024-10-18 00:00:00
18,Satterfield-Cartwright,954 Kensington Park,Grand Rapids,Michigan,17001,616-650-2619,1,0,2024-04-28 00:00:00
19,Borer Inc,43635 Rigney Parkway,Washington,District of Columbia,18001,202-991-2844,2,0,2025-01-03 00:00:00
20,O'Keefe LLC,4 Mayfield Street,Washington,District of Columbia,19001,202-518-7513,1,0,2024-10-02 00:00:00
21,Gutkowski Group,3 Becker Terrace,Philadelphia,Pennsylvania,20001,215-572-7145,1,0,2024-03-09 00:00:00
22,Anderson Inc,3 Oakridge Hill,Akron,Ohio,21001,330-458-2578,4,0,2025-01-24 00:00:00
23,"Kulas, Gibson and O'Keefe",30012 Ramsey Court,Nashville,Tennessee,22003,615-902-1813,1,0,2024-06-05 00:00:00
24,"Wolf, Upton and Spinka",6736 Bartelt Court,North Hollywood,California,23001,818-815-9746,2,0,2024-03-29 00:00:00
25,"Terry, Toy and Lang",89 Blackbird Circle,Tacoma,Washington,24001,253-552-3962,0,0,2024-04-23 00:00:00
26,Homenick Group,9630 Shopko Hill,Tucson,Arizona,25001,520-313-7473,3,0,2024-08-11 00:00:00
27,Fritsch LLC,0820 Morning Pass,Springfield,Missouri,26003,417-996-5171,3,0,2024-05-13 00:00:00
28,"Koelpin, Bogisich and Oberbrunner",971 Buell Plaza,Levittown,Pennsylvania,27006,267-397-8628,1,0,2024-11-13 00:00:00
29,Nikolaus-Goldner,785 Bay Center,Birmingham,Alabama,28001,205-111-3325,0,0,2024-09-01 00:00:00
30,Hirthe LLC,9 Ruskin Road,Inglewood,California,29001,310-765-7784,2,0,2024-08-03 00:00:00
31,"Watsica, Bergnaum and Shields",77965 Larry Center,Los Angeles,California,30002,213-479-6153,4,0,2024-08-01 00:00:00
32,Lakin-Mueller,501 Petterle Place,Minneapolis,Minnesota,31001,952-465-9134,5,0,2024-11-13 00:00:00
33,Jakubowski-Brekke,66495 Carioca Circle,Saint Paul,Minnesota,32003,651-197-5121,5,0,2025-01-25 00:00:00
34,Simonis-Lebsack,3300 Forest Run Alley,Metairie,Louisiana,33004,504-228-7729,0,0,2024-08-15 00:00:00
35,Barton Inc,51 Walton Place,Madison,Wisconsin,34001,608-608-6755,1,0,2024-06-26 00:00:00
36,Trantow-Wunsch,088 Blaine Junction,Toledo,Ohio,35004,419-528-9017,0,0,2024-02-05 00:00:00
37,Stoltenberg-Ritchie,267 Kim Lane,Sacramento,California,36003,916-466-9709,2,0,2024-08-06 00:00:00
38,"Rohan, Cartwright and Grimes",5864 Nobel Pass,Brea,California,37010,818-594-1526,3,0,2024-07-09 00:00:00
39,Feest-Erdman,64443 Oriole Parkway,Evansville,Indiana,38002,812-784-8543,5,0,2024-05-22 00:00:00
40,Sauer-MacGyver,47273 Thompson Pass,Toledo,Ohio,39001,419-557-8520,3,0,2024-07-23 00:00:00
41,"Gottlieb, Sawayn and Rice",87616 Brown Pass,Mesquite,Texas,40003,214-150-3470,5,0,2024-12-10 00:00:00
42,Bergstrom-Ebert,469 Chinook Parkway,Arlington,Texas,41001,713-424-2205,1,0,2024-07-24 00:00:00
43,Smitham LLC,18 Graceland Avenue,Syracuse,New York,42001,315-348-2845,3,0,2024-06-15 00:00:00
44,"Barton, Bins and Wintheiser",2 Schiller Way,San Antonio,Texas,43001,210-906-7070,5,0,2024-03-08 00:00:00
45,"Cassin, Wiegand and Bednar",3 Manley Road,Charleston,West Virginia,44001,304-298-5043,5,0,2024-04-11 00:00:00
46,Wilkinson LLC,747 Union Road,Atlanta,Georgia,45002,404-380-3440,2,0,2024-04-02 00:00:00
47,Gottlieb-Heaney,960 Moland Way,New Orleans,Louisiana,46001,504-420-6860,0,0,2025-02-03 00:00:00
48,Dickinson-Green,31 Mayfield Pass,Midland,Michigan,47001,989-967-6183,3,0,2024-04-04 00:00:00
49,"Jones, Cummings and Gerhold",1882 Ilene Circle,Roanoke,Virginia,48001,540-556-1698,1,0,2024-07-03 00:00:00
50,Jast-Lindgren,47139 Victoria Avenue,Providence,Rhode Island,49001,401-616-9780,1,0,2024-04-14 00:00:00
51,"Heaney, Kshlerin and Lebsack",09847 Erie Plaza,Seattle,Washington,50001,206-719-1413,5,0,2024-02-23 00:00:00
52,"DuBuque, Yundt and Schiller",16979 Myrtle Road,Washington,District of Columbia,51001,202-214-4315,5,0,2024-02-10 00:00:00
53,Sauer-Purdy,0157 Lukken Drive,Charlotte,North Carolina,52001,704-462-3051,1,0,2024-09-08 00:00:00
54,"Feeney, Schroeder and Hilll",166 Namekagon Crossing,San Antonio,Texas,53001,210-605-2373,0,0,2024-07-01 00:00:00
55,Berge-Hahn,99 Debra Junction,Sioux Falls,South Dakota,54001,605-752-4650,3,0,2024-10-16 00:00:00
56,Johnston-Welch,301 Morning Drive,Toledo,Ohio,55001,419-766-9681,2,0,2024-11-10 00:00:00
57,"Hermiston, Runolfsson and Bernier",90 Basil Hill,Indianapolis,Indiana,56001,317-348-7542,0,0,2024-08-11 00:00:00
58,"Maggio, Stroman and McGlynn",0 Kropf Circle,Birmingham,Alabama,57001,205-384-2325,4,0,2024-05-02 00:00:00
59,Schmitt-Legros,063 Michigan Crossing,Humble,Texas,58001,713-920-4385,5,0,2024-04-07 00:00:00
60,Hayes-Kessler,0 Mendota Point,Tacoma,Washington,59001,253-382-6420,4,0,2024-11-13 00:00:00
61,"Botsford, Mayert and Kunde",50863 Jay Drive,New York City,New York,60001,917-947-1633,0,0,2024-09-06 00:00:00
62,Jones Inc,94235 Glacier Hill Place,Anaheim,California,61001,714-487-2160,4,0,2024-09-27 00:00:00
63,"Waters, Heidenreich and Moore",292 Petterle Parkway,Bozeman,Montana,62001,406-609-4191,3,0,2024-08-04 00:00:00
64,Hegmann and Sons,3 Prentice Parkway,Charlotte,North Carolina,63001,704-216-1706,1,0,2024-09-25 00:00:00
65,Streich Inc,14 Texas Place,Lake Charles,Louisiana,64001,337-202-9674,3,0,2024-12-23 00:00:00
66,Upton-Macejkovic,26 Tony Drive,San Diego,California,65001,619-544-2964,5,0,2024-09-21 00:00:00
67,Nolan Group,4 Homewood Terrace,Amarillo,Texas,66002,806-109-4526,5,0,2025-01-29 00:00:00
68,Grady Inc,9 Bluestem Trail,Portland,Oregon,67002,971-666-1615,4,0,2024-11-28 00:00:00
69,Quigley-Yost,5 Susan Crossing,New Orleans,Louisiana,68001,504-489-4699,3,0,2024-05-20 00:00:00
70,"Kassulke, Grimes and Kuhic",7 Independence Parkway,London,Kentucky,69001,606-632-1409,0,0,2024-05-30 00:00:00
71,"Keebler, Jacobson and Bartell",5995 Gerald Street,Littleton,Colorado,70001,303-644-4171,2,0,2024-12-21 00:00:00
72,Homenick-Spinka,6 Daystar Crossing,San Antonio,Texas,71001,210-548-9700,1,0,2024-09-13 00:00:00
73,Greenholt-Maggio,42 Hooker Crossing,Beaumont,Texas,72001,409-491-4779,2,0,2024-12-10 00:00:00
74,Bogisich-Gottlieb,022 Bluejay Crossing,Corpus Christi,Texas,73001,361-299-0056,2,0,2024-03-31 00:00:00
75,Renner-Kuphal,77 Schlimgen Lane,Shreveport,Louisiana,74001,318-857-1706,4,0,2024-12-04 00:00:00
76,"Kessler, Tremblay and Hegmann",3581 Independence Hill,Denver,Colorado,75001,720-426-5814,5,0,2024-07-11 00:00:00
77,"Tremblay, Stanton and Rippin",48290 Burning Wood Junction,Worcester,Massachusetts,76001,508-222-9995,2,0,2024-11-18 00:00:00
78,"Kovacek, Wiza and Barrows",1 Monument Junction,Waterbury,Connecticut,77001,203-785-1569,1,0,2024-06-12 00:00:00
79,Borer Group,3 Fulton Way,Fort Myers,Florida,78001,239-451-5139,5,0,2024-09-04 00:00:00
80,Bartell-Lubowitz,95 Dawn Park,New Orleans,Louisiana,79001,504-509-0003,2,0,2024-05-08 00:00:00
81,Collier Group,05 Monument Drive,Newark,New Jersey,80001,201-933-3523,2,0,2024-10-03 00:00:00
82,Rice LLC,2 Pawling Place,Staten Island,New York,81001,718-287-5550,4,0,2024-09-13 00:00:00
83,"Hermiston, MacGyver and Lindgren",32799 Mayfield Street,Shawnee Mission,Kansas,82001,913-304-3142,4,0,2024-08-28 00:00:00
84,Bahringer Inc,993 Merrick Point,Nashville,Tennessee,83001,615-145-8412,1,0,2024-08-30 00:00:00
85,"Stehr, Beer and Stark",52833 Northwestern Lane,Birmingham,Alabama,84001,205-485-1575,1,0,2024-08-18 00:00:00
86,Block Group,8069 Havey Circle,Pensacola,Florida,85001,850-468-1086,4,0,2024-10-23 00:00:00
87,"Robel, Altenwerth and Larson",47 Mayfield Avenue,Denver,Colorado,86001,719-785-7541,1,0,2024-05-16 00:00:00
88,D'Amore LLC,2 Transport Circle,Arlington,Texas,87001,817-327-6424,1,0,2024-08-23 00:00:00
89,Bogisich-Mitchell,046 Hansons Trail,Atlanta,Georgia,88001,404-484-1521,0,0,2025-01-13 00:00:00
90,Maggio-Gleichner,985 Derek Plaza,Richmond,California,89001,510-996-2755,3,0,2024-09-30 00:00:00
91,Stamm-Watsica,2 Dayton Pass,Buffalo,New York,90001,716-989-0942,4,0,2024-08-27 00:00:00
92,Lakin-Ritchie,863 2nd Plaza,New Orleans,Louisiana,91001,504-856-9245,4,0,2025-01-04 00:00:00
93,Hegmann-Schmeler,8661 Hollow Ridge Circle,Carson City,Nevada,92001,775-201-6946,0,0,2024-03-14 00:00:00
94,Simonis and Sons,5872 Manley Terrace,San Francisco,California,93001,415-635-1921,0,0,2024-07-17 00:00:00
95,"Beatty, Bechtelar and Jacobs",656 Oriole Drive,North Las Vegas,Nevada,94001,702-523-1980,5,0,2024-05-29 00:00:00
96,Osinski Group,32 Lighthouse Bay Circle,Lexington,Kentucky,95001,859-991-1649,1,0,2024-03-05 00:00:00
97,"Balistreri, Nicolas and D'Amore",5383 High Crossing Hill,Evansville,Indiana,96001,812-900-1134,3,0,2024-08-01 00:00:00
98,Goyette and Sons,66 Sunbrook Street,Aurora,Colorado,97001,303-495-7291,2,0,2024-10-27 00:00:00
99,"Mueller, Greenfelder and Stehr",29 Grayhawk Park,Orange,California,98001,760-368-9750,2,0,2024-06-17 00:00:00
100,"Gutkowski, Quigley and Oberbrunner",3 Miller Hill,Moreno Valley,California,99001,951-225-4291,0,0,2024-04-16 00:00:00
101,Johnson-Kuhlman,9310 Buena Vista Avenue,Flint,Michigan,99950,810-117-2619,2,0,2024-07-24 00:00:00
102,Dach Inc,02 Caliangt Trail,Wichita,Kansas,544,316-416-6236,0,0,2024-04-10 00:00:00
103,Volkman-Stokes,9061 Mesta Lane,Albuquerque,New Mexico,1230,505-856-1893,1,0,2024-04-16 00:00:00
104,"Farrell, Hessel and Considine",70202 Russell Lane,Norwalk,Connecticut,2108,203-600-2738,5,0,2024-05-20 00:00:00
105,Auer Group,2 West Parkway,Chicago,Illinois,3244,312-841-3301,4,0,2025-02-01 00:00:00
106,Hauck-Beer,7408 Homewood Drive,Chicago,Illinois,4101,312-296-8237,4,0,2024-06-21 00:00:00
107,Christiansen and Sons,09 Clyde Gallagher Pass,Clearwater,Florida,5201,813-827-6545,1,0,2024-11-04 00:00:00
108,Rowe and Sons,49306 Moland Place,Anaheim,California,6390,714-598-2537,5,0,2024-09-04 00:00:00
109,"Lehner, Runte and Abbott",2184 Buena Vista Trail,Milwaukee,Wisconsin,7701,920-434-9740,1,0,2024-06-26 00:00:00
110,Schiller-Walker,42 Larry Trail,Eugene,Oregon,8807,541-702-0543,4,0,2024-11-24 00:00:00
111,Turcotte Group,70544 Dwight Place,Texarkana,Texas,10128,903-791-6243,5,0,2024-07-05 00:00:00
112,Feeney-Johnson,02544 Maple Wood Road,Fayetteville,North Carolina,11201,910-772-2680,3,0,2024-07-07 00:00:00
113,Schamberger-Trantow,6 Springs Trail,Peoria,Illinois,12534,309-201-0324,2,0,2024-07-12 00:00:00
114,"Monahan, Ankunding and Kerluke",270 Mariners Cove Pass,Fort Lauderdale,Florida,13601,754-858-5551,0,0,2024-11-19 00:00:00
115,Rosenbaum-Barton,1 Pearson Terrace,New York City,New York,14850,212-639-5294,0,0,2024-09-12 00:00:00
116,"Kemmer, Pollich and Upton",9849 Myrtle Trail,Laredo,Texas,15213,956-185-9121,3,0,2024-07-25 00:00:00
117,"Dibbert, Stehr and Hessel",31 Hudson Court,Detroit,Michigan,16501,313-475-9859,2,0,2024-02-05 00:00:00
118,Friesen LLC,46 Sugar Road,Milwaukee,Wisconsin,17101,414-748-1092,5,0,2024-06-11 00:00:00
119,"O'Reilly, Schaefer and Schamberger",1291 Packers Alley,Boston,Massachusetts,18042,617-206-7017,3,0,2024-04-22 00:00:00
120,"Weber, Lind and Conroy",64068 Reinke Lane,Salt Lake City,Utah,19103,801-115-5200,5,0,2024-03-16 00:00:00
121,Stracke-Cassin,40 Dovetail Trail,New York City,New York,20036,212-833-5281,2,0,2024-11-28 00:00:00
122,Cartwright LLC,8 Rusk Place,Jacksonville,Florida,21201,904-329-0309,2,0,2024-08-07 00:00:00
123,Zieme-Cormier,72 Pleasure Park,Denver,Colorado,22202,303-729-8216,4,0,2024-08-01 00:00:00
124,Gerlach and Sons,83 Ludington Circle,Simi Valley,California,23220,805-291-7196,3,0,2024-08-20 00:00:00
125,Jast-Waelchi,8591 Ridge Oak Terrace,Houston,Texas,24060,713-947-2762,2,0,2024-04-10 00:00:00
126,"Kilback, Hettinger and McCullough",48 Bashford Avenue,West Palm Beach,Florida,25401,561-566-6256,2,0,2024-11-19 00:00:00
127,Buckridge and Sons,46330 Birchwood Hill,Birmingham,Alabama,26505,205-558-4969,2,0,2024-07-25 00:00:00
128,Keebler LLC,557 Moose Street,Milwaukee,Wisconsin,27514,414-172-7423,1,0,2024-02-26 00:00:00
129,Price-Kovacek,4388 Ronald Regan Parkway,Virginia Beach,Virginia,28601,757-332-2635,1,0,2024-04-20 00:00:00
130,"Gerlach, Klocko and Walter",0 Macpherson Circle,Warren,Michigan,29601,586-377-1530,3,0,2024-05-08 00:00:00
131,Gorczany-Konopelski,69810 Esch Place,Peoria,Arizona,30303,928-873-5474,0,0,2024-11-17 00:00:00
132,Williamson Group,2980 Portage Park,Indianapolis,Indiana,31201,317-447-8298,2,0,2025-01-22 00:00:00
133,Bins LLC,37717 Northview Street,Saint Petersburg,Florida,32301,727-593-5673,2,0,2024-11-24 00:00:00
134,"Larkin, Fisher and Gulgowski",942 Vermont Junction,Murfreesboro,Tennessee,33130,615-549-4238,5,0,2025-01-31 00:00:00
135,"Upton, Hoppe and Johnston",69 Warbler Circle,Phoenix,Arizona,34236,602-479-8807,3,0,2024-04-17 00:00:00
136,"Kihn, Schowalter and Wilderman",721 Badeau Crossing,Lexington,Kentucky,35203,859-311-4660,1,0,2024-05-21 00:00:00
137,"Lang, Kuhn and Hauck",3 Superior Hill,Oklahoma City,Oklahoma,36104,405-282-4719,3,0,2024-02-07 00:00:00
138,Swaniawski-Schaefer,922 Dahle Terrace,Anchorage,Alaska,37203,907-878-7564,3,0,2024-12-29 00:00:00
139,"Wintheiser, Rowe and Miller",70593 Judy Street,Lincoln,Nebraska,38103,402-731-7109,3,0,2025-01-08 00:00:00
140,Beatty-Gerlach,435 Mockingbird Lane,Lake Charles,Louisiana,39157,337-949-7081,5,0,2025-01-23 00:00:00
141,"Lubowitz, Friesen and Heller",9 David Road,Tampa,Florida,40202,813-515-2800,3,0,2025-02-04 00:00:00
142,Kuhic-Klein,82983 Fair Oaks Place,Denver,Colorado,41071,303-604-2031,2,0,2024-09-08 00:00:00
143,Goyette-Johnston,0 Packers Road,Milwaukee,Wisconsin,42101,414-216-4930,5,0,2024-08-27 00:00:00
144,Sipes-Fahey,34774 Meadow Vale Junction,Roanoke,Virginia,43215,540-727-4829,1,0,2024-10-07 00:00:00
145,Connelly-Murazik,4906 Pearson Alley,Clearwater,Florida,44114,727-652-7946,5,0,2024-10-27 00:00:00
146,Heaney-Von,747 Barby Street,Charleston,West Virginia,45056,304-229-0829,2,0,2024-12-14 00:00:00
147,Douglas-McLaughlin,938 3rd Center,Sacramento,California,46204,916-554-3484,5,0,2024-08-11 00:00:00
148,"VonRueden, Lueilwitz and Muller",5 Maryland Avenue,Santa Monica,California,47906,818-915-6496,1,0,2024-08-14 00:00:00
149,Bergstrom-Senger,51 Green Ridge Hill,Appleton,Wisconsin,48912,920-668-0266,3,0,2024-10-31 00:00:00
150,Kuhlman-Cormier,6113 Shasta Pass,Memphis,Tennessee,50014,901-599-8497,1,0,2024-12-05 00:00:00
151,"Ratke, Ziemann and Borer",36903 Red Cloud Avenue,Chicago,Illinois,51101,312-839-4811,0,0,2025-01-08 00:00:00
152,Hermann-Harris,075 Alpine Crossing,Tampa,Florida,52242,813-107-7067,1,0,2024-07-09 00:00:00
153,Bruen-Sporer,11 Pennsylvania Point,Rochester,Minnesota,53202,507-630-6916,2,0,2024-09-22 00:00:00
154,Jacobs LLC,950 Maryland Center,Honolulu,Hawaii,54303,808-219-3386,2,0,2024-05-13 00:00:00
155,Jerde-Heidenreich,2636 Hoard Avenue,Indianapolis,Indiana,55101,317-375-1998,3,0,2024-09-12 00:00:00
156,"Larkin, Schumm and Parker",357 Columbus Avenue,Topeka,Kansas,56007,785-196-4407,2,0,2024-08-09 00:00:00
157,"Watsica, Denesik and Kozey",753 Mcguire Pass,Green Bay,Wisconsin,57104,920-482-2052,0,0,2024-07-17 00:00:00
158,Olson-Hansen,45 Dexter Circle,Saint Louis,Missouri,58078,314-682-8594,0,0,2024-11-08 00:00:00
159,"McDermott, Halvorson and Heathcote",5 Stephen Hill,Seattle,Washington,59101,206-948-0296,1,0,2024-08-15 00:00:00
160,Bradtke-Schuppe,2 Twin Pines Crossing,Madison,Wisconsin,60601,608-539-9067,0,0,2024-09-23 00:00:00
161,"Huel, Kozey and Zulauf",68685 Meadow Vale Hill,Boise,Idaho,61820,208-796-8359,4,0,2024-10-25 00:00:00
162,"O'Connell, Hansen and Nolan",102 Declaration Lane,Houston,Texas,63101,713-456-0957,0,0,2024-06-06 00:00:00
163,Larson and Sons,418 Lukken Point,Columbus,Ohio,64105,614-893-9955,2,0,2024-05-17 00:00:00
164,"Barton, Heaney and Schaefer",98276 Mallard Crossing,Springfield,Illinois,65101,217-454-2234,1,0,2024-03-04 00:00:00
165,Kilback LLC,80365 Hollow Ridge Center,Brea,California,66044,714-726-9264,4,0,2025-02-02 00:00:00
166,Beer Inc,5320 Dunning Park,Miami,Florida,67202,786-486-6361,1,0,2025-01-14 00:00:00
167,Fahey-Crist,22267 Southridge Place,Fort Wayne,Indiana,68106,260-461-9154,5,0,2024-12-29 00:00:00
168,Paucek Inc,58 Harper Court,Des Moines,Iowa,69361,515-135-3728,3,0,2024-05-18 00:00:00
169,"Ebert, Becker and Larson",3 Mayer Drive,San Bernardino,California,70130,909-262-6373,0,0,2024-09-15 00:00:00
170,"Friesen, Mosciski and Reichel",64 Gerald Circle,Inglewood,California,71201,310-594-8916,0,0,2024-08-01 00:00:00
171,Howell and Sons,7 Oxford Place,Fort Worth,Texas,72201,817-197-8617,4,0,2024-10-28 00:00:00
172,Lehner-McLaughlin,08 Reinke Place,Salt Lake City,Utah,73102,801-756-3631,0,0,2024-02-19 00:00:00
173,Abernathy Group,05 Pankratz Point,Reno,Nevada,74103,775-317-8029,4,0,2024-08-29 00:00:00
174,"Heidenreich, Hessel and Kohler",2 Lighthouse Bay Lane,Chicago,Illinois,75080,312-240-7892,5,0,2024-12-01 00:00:00
175,"Pacocha, Willms and Stracke",0 Declaration Plaza,Washington,District of Columbia,76011,202-858-7815,5,0,2024-09-08 00:00:00
176,"Torp, Robel and Connelly",479 Thompson Terrace,Santa Cruz,California,77002,831-926-3447,5,0,2024-07-05 00:00:00
177,Conroy Group,2042 Bluestem Avenue,Columbia,South Carolina,78205,803-781-5126,2,0,2024-05-15 00:00:00
178,Boyer-Kling,827 Chive Point,Fort Wayne,Indiana,79109,260-495-3045,5,0,2024-07-04 00:00:00
179,"Torp, Schulist and Considine",63 Columbus Way,Wilkes Barre,Pennsylvania,80202,570-172-9984,4,0,2024-07-04 00:00:00
180,Larkin and Sons,300 Pawling Point,Saint Louis,Missouri,81501,314-782-6807,5,0,2024-09-06 00:00:00
181,Turner-Armstrong,00165 Florence Place,Green Bay,Wisconsin,82070,920-339-3946,0,0,2025-01-09 00:00:00
182,"Sawayn, Baumbach and Kshlerin",27 Farmco Point,New Orleans,Louisiana,83301,504-149-4716,3,0,2024-09-24 00:00:00
183,"Weimann, O'Keefe and Douglas",1 Twin Pines Circle,Boston,Massachusetts,84111,857-273-6035,5,0,2024-02-24 00:00:00
184,"Heidenreich, Weimann and Hoeger",09 Linden Hill,Memphis,Tennessee,85004,901-988-4334,1,0,2024-03-20 00:00:00
185,Macejkovic LLC,9435 Vera Center,Grand Rapids,Michigan,86045,616-759-1548,0,0,2024-04-22 00:00:00
186,Wilderman-Daugherty,9 Atwood Hill,Naples,Florida,87110,941-208-5508,1,0,2024-04-03 00:00:00
187,Koss-Veum,1276 Spaight Center,Des Moines,Iowa,88201,515-217-8906,2,0,2024-06-06 00:00:00
188,Hamill-Rutherford,17258 Nobel Hill,Baltimore,Maryland,89052,443-433-4538,0,0,2024-11-30 00:00:00
189,Von-Kohler,7 Lakeland Junction,Roanoke,Virginia,90012,540-184-2463,4,0,2024-03-07 00:00:00
190,Durgan-Lang,9 Novick Parkway,Fairbanks,Alaska,91101,907-502-6269,2,0,2024-06-06 00:00:00
191,"Renner, Walker and O'Conner",59362 Westerfield Trail,New York City,New York,92101,646-204-1925,3,0,2024-10-16 00:00:00
192,Deckow-Collier,773 Pierstorff Road,Columbus,Georgia,93101,706-568-3296,4,0,2024-05-11 00:00:00
193,"Abbott, Haley and Gutmann",7995 Lawn Way,El Paso,Texas,94103,915-728-3018,3,0,2024-02-13 00:00:00
194,Howell-Marquardt,9420 Grayhawk Avenue,Fresno,California,95014,559-850-9841,4,0,2025-01-31 00:00:00
195,Weber-Corwin,6 Emmet Way,Orange,California,96150,714-513-2814,3,0,2024-07-26 00:00:00
196,"Huel, Krajcik and Weber",307 Cottonwood Center,Bethlehem,Pennsylvania,97201,267-154-5856,3,0,2024-12-13 00:00:00
197,"Robel, Balistreri and Lubowitz",9 Melvin Point,Trenton,New Jersey,98101,609-474-1208,4,0,2024-02-13 00:00:00
198,Fadel LLC,88354 Fremont Plaza,Berkeley,California,99501,510-949-1879,2,0,2024-07-13 00:00:00
199,Ondricka LLC,16 Beilfuss Park,Honolulu,Hawaii,99929,808-770-0897,4,0,2024-10-22 00:00:00
200,Wilkinson-Greenfelder,6 Crescent Oaks Alley,Denver,Colorado,99999,303-195-8487,2,0,2024-08-13 00:00:00
